date,base_currency,EUR,GBP,JPY,AUD,CHF
2023-01-01,USD,0.93756,0.83155,131.88,1.4713,0.92321
2023-01-02,USD,0.93607,0.82964,130.69,1.4695,0.92418
2023-01-03,USD,0.94832,0.83497,130.8,1.4896,0.93684
2023-01-04,USD,0.94349,0.83098,130.9,1.4579,0.92867
2023-01-05,USD,0.94331,0.83297,132.96,1.4635,0.92812
2023-01-06,USD,0.95238,0.84262,134.57,1.4848,0.93943
2023-01-07,USD,0.95238,0.84262,134.57,1.4848,0.93943
2023-01-08,USD,0.95238,0.84262,134.57,1.4848,0.93943
2023-01-09,USD,0.93493,0.82319,132.15,1.4441,0.92231
2023-01-10,USD,0.93257,0.82374,132.35,1.4563,0.924
2023-01-11,USD,0.93049,0.8251,132.7,1.4505,0.92742
2023-01-12,USD,0.92833,0.82334,130.53,1.4454,0.93353
2023-01-13,USD,0.92473,0.82116,128.56,1.4413,0.92944
2023-01-14,USD,0.92473,0.82116,128.56,1.4413,0.92944
2023-01-15,USD,0.92473,0.82116,128.56,1.4413,0.92944
2023-01-16,USD,0.9249,0.82092,128.49,1.437,0.9273
2023-01-17,USD,0.92225,0.81707,128.65,1.4397,0.92207
2023-01-18,USD,0.92259,0.80755,128.97,1.422,0.91392
2023-01-19,USD,0.92464,0.81043,128.54,1.4541,0.91734
2023-01-20,USD,0.9237,0.80916,130.11,1.4427,0.92019
2023-01-21,USD,0.9237,0.80916,130.11,1.4427,0.92019
2023-01-22,USD,0.9237,0.80916,130.11,1.4427,0.92019
2023-01-23,USD,0.91988,0.80922,130.3,1.4285,0.92107
2023-01-24,USD,0.92098,0.81385,130.29,1.4248,0.92586
2023-01-25,USD,0.91929,0.81125,129.78,1.412,0.92113
2023-01-26,USD,0.91785,0.80721,129.77,1.405,0.91804
2023-01-27,USD,0.92039,0.80888,129.87,1.4072,0.92195
2023-01-28,USD,0.92039,0.80888,129.87,1.4072,0.92195
2023-01-29,USD,0.92039,0.80888,129.87,1.4072,0.92195
2023-01-30,USD,0.91718,0.80692,130.05,1.4115,0.92131
2023-01-31,USD,0.92311,0.81301,130.41,1.4286,0.92606
2023-02-01,USD,0.91794,0.81158,129.77,1.4129,0.9161
2023-02-02,USD,0.91008,0.8126,128.43,1.4022,0.90936
2023-02-03,USD,0.91433,0.81604,128.42,1.4171,0.91332
2023-02-04,USD,0.91433,0.81604,128.42,1.4171,0.91332
2023-02-05,USD,0.91433,0.81604,128.42,1.4171,0.91332
2023-02-06,USD,0.92799,0.82849,132.15,1.4473,0.92465
2023-02-07,USD,0.93458,0.83493,132.06,1.4458,0.92579
2023-02-08,USD,0.93153,0.8272,131.17,1.4361,0.92045
2023-02-09,USD,0.92842,0.82179,130.72,1.4306,0.91821
2023-02-10,USD,0.93545,0.82645,130.85,1.4436,0.92348
2023-02-11,USD,0.93545,0.82645,130.85,1.4436,0.92348
2023-02-12,USD,0.93545,0.82645,130.85,1.4436,0.92348
2023-02-13,USD,0.9358,0.82614,132.56,1.44,0.92167
2023-02-14,USD,0.92945,0.81908,132.11,1.4324,0.91737
2023-02-15,USD,0.93458,0.83014,133.69,1.4513,0.92383
2023-02-16,USD,0.93458,0.83068,133.93,1.4486,0.92271
2023-02-17,USD,0.94118,0.83659,134.76,1.4645,0.93139
2023-02-18,USD,0.94118,0.83659,134.76,1.4645,0.93139
2023-02-19,USD,0.94118,0.83659,134.76,1.4645,0.93139
2023-02-20,USD,0.93686,0.83135,134.05,1.448,0.92383
2023-02-21,USD,0.93773,0.8245,134.81,1.4551,0.92395
2023-02-22,USD,0.9395,0.82624,134.57,1.4634,0.92728
2023-02-23,USD,0.94197,0.83026,135.0,1.4649,0.9318
2023-02-24,USD,0.94607,0.83486,135.81,1.4823,0.93642
2023-02-25,USD,0.94607,0.83486,135.81,1.4823,0.93642
2023-02-26,USD,0.94607,0.83486,135.81,1.4823,0.93642
2023-02-27,USD,0.94751,0.8345,136.33,1.4913,0.94078
2023-02-28,USD,0.94171,0.82589,136.76,1.4841,0.93672
2023-03-01,USD,0.93598,0.82903,135.55,1.4766,0.9357
2023-03-02,USD,0.94295,0.8372,136.79,1.4873,0.94182
2023-03-03,USD,0.94206,0.83401,136.18,1.4817,0.93811
2023-03-04,USD,0.94206,0.83401,136.18,1.4817,0.93811
2023-03-05,USD,0.94206,0.83401,136.18,1.4817,0.93811
2023-03-06,USD,0.93932,0.83252,135.86,1.4848,0.93434
2023-03-07,USD,0.93765,0.83421,136.16,1.5004,0.9338
2023-03-08,USD,0.94832,0.8447,137.22,1.5152,0.94177
2023-03-09,USD,0.94751,0.84152,136.27,1.5127,0.93908
2023-03-10,USD,0.94464,0.83372,136.69,1.5175,0.92802
2023-03-11,USD,0.94464,0.83372,136.69,1.5175,0.92802
2023-03-12,USD,0.94464,0.83372,136.69,1.5175,0.92802
2023-03-13,USD,0.93406,0.82542,132.6,1.5007,0.9107
2023-03-14,USD,0.93136,0.8201,134.2,1.495,0.91124
2023-03-15,USD,0.94796,0.82703,132.25,1.5061,0.92208
2023-03-16,USD,0.94384,0.82888,132.31,1.5037,0.92685
2023-03-17,USD,0.94135,0.82357,132.33,1.4943,0.92799
2023-03-18,USD,0.94135,0.82357,132.33,1.4943,0.92799
2023-03-19,USD,0.94135,0.82357,132.33,1.4943,0.92799
2023-03-20,USD,0.9331,0.81702,131.35,1.4909,0.92638
2023-03-21,USD,0.92799,0.81694,132.36,1.4974,0.9252
2023-03-22,USD,0.92721,0.81525,132.71,1.4958,0.9235
2023-03-23,USD,0.9192,0.81371,131.33,1.493,0.91635
2023-03-24,USD,0.93067,0.81843,130.15,1.5067,0.91894
2023-03-25,USD,0.93067,0.81843,130.15,1.5067,0.91894
2023-03-26,USD,0.93067,0.81843,130.15,1.5067,0.91894
2023-03-27,USD,0.92825,0.81517,131.48,1.5041,0.91664
2023-03-28,USD,0.92242,0.81116,130.7,1.4961,0.91754
2023-03-29,USD,0.92191,0.81117,132.37,1.4983,0.91942
2023-03-30,USD,0.91861,0.80988,132.67,1.4939,0.91521
2023-03-31,USD,0.91954,0.80846,133.18,1.4959,0.9166
2023-04-01,USD,0.91954,0.80846,133.18,1.4959,0.9166
2023-04-02,USD,0.91954,0.80846,133.18,1.4959,0.9166
2023-04-03,USD,0.91996,0.80764,132.94,1.4793,0.91527
2023-04-04,USD,0.91735,0.80115,132.96,1.4819,0.91313
2023-04-05,USD,0.91408,0.80151,131.39,1.4922,0.90503
2023-04-06,USD,0.91617,0.8016,131.46,1.4945,0.90499
2023-04-07,USD,0.91617,0.8016,131.46,1.4945,0.90499
2023-04-08,USD,0.91617,0.8016,131.46,1.4945,0.90499
2023-04-09,USD,0.91617,0.8016,131.46,1.4945,0.90499
2023-04-10,USD,0.91617,0.8016,131.46,1.4945,0.90499
2023-04-11,USD,0.91701,0.80457,133.22,1.5027,0.90491
2023-04-12,USD,0.91558,0.80606,133.76,1.4995,0.90212
2023-04-13,USD,0.90785,0.79944,133.28,1.4837,0.89006
2023-04-14,USD,0.9044,0.79986,132.59,1.475,0.88876
2023-04-15,USD,0.9044,0.79986,132.59,1.475,0.88876
2023-04-16,USD,0.9044,0.79986,132.59,1.475,0.88876
2023-04-17,USD,0.91066,0.80478,133.84,1.4895,0.89354
2023-04-18,USD,0.91141,0.80334,133.88,1.4834,0.89601
2023-04-19,USD,0.91466,0.80589,134.67,1.491,0.89893
2023-04-20,USD,0.91374,0.80549,134.74,1.4885,0.89638
2023-04-21,USD,0.91091,0.8068,133.83,1.4934,0.89224
2023-04-22,USD,0.91091,0.8068,133.83,1.4934,0.89224
2023-04-23,USD,0.91091,0.8068,133.83,1.4934,0.89224
2023-04-24,USD,0.90893,0.80406,134.68,1.4968,0.89075
2023-04-25,USD,0.90728,0.80426,134.2,1.5028,0.88786
2023-04-26,USD,0.90588,0.80225,133.77,1.5151,0.88994
2023-04-27,USD,0.90563,0.80083,133.27,1.5099,0.89314
2023-04-28,USD,0.91066,0.80184,136.01,1.5175,0.896
2023-04-29,USD,0.91066,0.80184,136.01,1.5175,0.896
2023-04-30,USD,0.91066,0.80184,136.01,1.5175,0.896
2023-05-01,USD,0.91066,0.80184,136.01,1.5175,0.896
2023-05-02,USD,0.91199,0.80135,137.44,1.493,0.89749
2023-05-03,USD,0.90555,0.79928,135.52,1.5,0.88826
2023-05-04,USD,0.90302,0.79479,134.48,1.4977,0.88514
2023-05-05,USD,0.90794,0.79334,134.19,1.4871,0.89232
2023-05-06,USD,0.90794,0.79334,134.19,1.4871,0.89232
2023-05-07,USD,0.90794,0.79334,134.19,1.4871,0.89232
2023-05-08,USD,0.90604,0.79032,135.14,1.4718,0.8891
2023-05-09,USD,0.91249,0.79378,135.02,1.4798,0.89315
2023-05-10,USD,0.91324,0.79281,135.32,1.4815,0.89233
2023-05-11,USD,0.91491,0.7941,134.07,1.4845,0.89277
2023-05-12,USD,0.91811,0.79893,134.98,1.4974,0.8946
2023-05-13,USD,0.91811,0.79893,134.98,1.4974,0.8946
2023-05-14,USD,0.91811,0.79893,134.98,1.4974,0.8946
2023-05-15,USD,0.91946,0.7994,136.22,1.4951,0.89619
2023-05-16,USD,0.91903,0.79899,135.92,1.4987,0.8944
2023-05-17,USD,0.92345,0.80243,136.96,1.5027,0.89999
2023-05-18,USD,0.92481,0.80357,137.87,1.5061,0.90031
2023-05-19,USD,0.92524,0.80348,138.37,1.5018,0.901
2023-05-20,USD,0.92524,0.80348,138.37,1.5018,0.901
2023-05-21,USD,0.92524,0.80348,138.37,1.5018,0.901
2023-05-22,USD,0.92404,0.80249,138.27,1.5056,0.89632
2023-05-23,USD,0.92773,0.80706,138.42,1.5105,0.90157
2023-05-24,USD,0.92721,0.80661,138.43,1.5208,0.90236
2023-05-25,USD,0.93153,0.8085,139.39,1.5317,0.90433
2023-05-26,USD,0.93015,0.80749,139.75,1.5291,0.90289
2023-05-27,USD,0.93015,0.80749,139.75,1.5291,0.90289
2023-05-28,USD,0.93015,0.80749,139.75,1.5291,0.90289
2023-05-29,USD,0.93327,0.81013,140.26,1.5291,0.90369
2023-05-30,USD,0.93075,0.80384,139.62,1.5262,0.9019
2023-05-31,USD,0.93607,0.80881,139.6,1.5442,0.91023
2023-06-01,USD,0.93484,0.80231,139.53,1.5338,0.90979
2023-06-02,USD,0.92911,0.79838,138.86,1.5096,0.90662
2023-06-03,USD,0.92911,0.79838,138.86,1.5096,0.90662
2023-06-04,USD,0.92911,0.79838,138.86,1.5096,0.90662
2023-06-05,USD,0.93545,0.80751,140.28,1.5172,0.91038
2023-06-06,USD,0.93607,0.80598,139.56,1.5013,0.9078
2023-06-07,USD,0.9331,0.80218,139.42,1.4933,0.90548
2023-06-08,USD,0.93136,0.80202,139.69,1.4959,0.90817
2023-06-09,USD,0.92764,0.79587,139.37,1.4864,0.9013
2023-06-10,USD,0.92764,0.79587,139.37,1.4864,0.9013
2023-06-11,USD,0.92764,0.79587,139.37,1.4864,0.9013
2023-06-12,USD,0.92894,0.79589,139.37,1.4789,0.90581
2023-06-13,USD,0.92653,0.79542,139.55,1.4752,0.90651
2023-06-14,USD,0.92515,0.79059,139.89,1.4724,0.90212
2023-06-15,USD,0.9243,0.79078,141.29,1.4719,0.90221
2023-06-16,USD,0.91191,0.77903,141.03,1.4537,0.89094
2023-06-17,USD,0.91191,0.77903,141.03,1.4537,0.89094
2023-06-18,USD,0.91191,0.77903,141.03,1.4537,0.89094
2023-06-19,USD,0.91558,0.7807,141.86,1.4616,0.89471
2023-06-20,USD,0.91466,0.78391,141.32,1.4744,0.8971
2023-06-21,USD,0.9155,0.78575,141.8,1.4789,0.89746
2023-06-22,USD,0.91033,0.78393,142.06,1.4742,0.8944
2023-06-23,USD,0.91878,0.78536,143.18,1.4962,0.89792
2023-06-24,USD,0.91878,0.78536,143.18,1.4962,0.89792
2023-06-25,USD,0.91878,0.78536,143.18,1.4962,0.89792
2023-06-26,USD,0.91592,0.78657,143.26,1.4972,0.89183
2023-06-27,USD,0.91316,0.78523,143.49,1.4947,0.89389
2023-06-28,USD,0.91424,0.79009,144.29,1.5108,0.89797
2023-06-29,USD,0.91424,0.78991,144.21,1.5067,0.8944
2023-06-30,USD,0.9203,0.78988,144.63,1.5091,0.90079
2023-07-01,USD,0.9203,0.78988,144.63,1.5091,0.90079
2023-07-02,USD,0.9203,0.78988,144.63,1.5091,0.90079
2023-07-03,USD,0.91752,0.78888,144.79,1.5032,0.89917
2023-07-04,USD,0.91785,0.78635,144.41,1.4948,0.89601
2023-07-05,USD,0.9192,0.78762,144.55,1.501,0.89916
2023-07-06,USD,0.91752,0.78273,143.66,1.4963,0.89522
2023-07-07,USD,0.91844,0.78341,143.29,1.5077,0.89585
2023-07-08,USD,0.91844,0.78341,143.29,1.5077,0.89585
2023-07-09,USD,0.91844,0.78341,143.29,1.5077,0.89585
2023-07-10,USD,0.91274,0.78252,142.14,1.5049,0.8902
2023-07-11,USD,0.91,0.7745,140.39,1.5009,0.88206
2023-07-12,USD,0.90728,0.77461,139.58,1.4951,0.87852
2023-07-13,USD,0.89429,0.7651,138.47,1.4576,0.86246
2023-07-14,USD,0.89119,0.76277,138.59,1.4571,0.85991
2023-07-15,USD,0.89119,0.76277,138.59,1.4571,0.85991
2023-07-16,USD,0.89119,0.76277,138.59,1.4571,0.85991
2023-07-17,USD,0.89047,0.76467,138.36,1.4681,0.85948
2023-07-18,USD,0.88849,0.76267,138.07,1.4681,0.85713
2023-07-19,USD,0.89111,0.77453,139.69,1.4776,0.85796
2023-07-20,USD,0.8931,0.77628,139.64,1.4661,0.8605
2023-07-21,USD,0.89904,0.77952,141.72,1.4843,0.86577
2023-07-22,USD,0.89904,0.77952,141.72,1.4843,0.86577
2023-07-23,USD,0.89904,0.77952,141.72,1.4843,0.86577
2023-07-24,USD,0.90123,0.77821,141.01,1.4842,0.86473
2023-07-25,USD,0.9049,0.77955,141.33,1.4775,0.86852
2023-07-26,USD,0.90424,0.77489,140.43,1.483,0.86346
2023-07-27,USD,0.89888,0.772,140.18,1.4726,0.85771
2023-07-28,USD,0.90827,0.77711,139.28,1.4994,0.86776
2023-07-29,USD,0.90827,0.77711,139.28,1.4994,0.86776
2023-07-30,USD,0.90827,0.77711,139.28,1.4994,0.86776
2023-07-31,USD,0.90719,0.77805,142.18,1.4911,0.87263
2023-08-01,USD,0.91158,0.78273,142.98,1.5093,0.87603
2023-08-02,USD,0.91033,0.78323,142.81,1.5194,0.87774
2023-08-03,USD,0.91475,0.79096,142.92,1.532,0.87623
2023-08-04,USD,0.91358,0.78744,142.62,1.5251,0.87685
2023-08-05,USD,0.91358,0.78744,142.62,1.5251,0.87685
2023-08-06,USD,0.91358,0.78744,142.62,1.5251,0.87685
2023-08-07,USD,0.91042,0.78444,142.22,1.5218,0.87627
2023-08-08,USD,0.91374,0.78726,143.05,1.5376,0.87719
2023-08-09,USD,0.91174,0.78574,143.46,1.5298,0.87774
2023-08-10,USD,0.90752,0.78331,143.78,1.5216,0.87286
2023-08-11,USD,0.90876,0.78531,144.47,1.5313,0.87395
2023-08-12,USD,0.90876,0.78531,144.47,1.5313,0.87395
2023-08-13,USD,0.90876,0.78531,144.47,1.5313,0.87395
2023-08-14,USD,0.91491,0.78879,145.18,1.5419,0.87905
2023-08-15,USD,0.91525,0.7867,145.56,1.5457,0.87736
2023-08-16,USD,0.91609,0.78458,145.72,1.5477,0.8799
2023-08-17,USD,0.91743,0.78344,145.76,1.5533,0.87661
2023-08-18,USD,0.92022,0.78672,145.5,1.5643,0.88074
2023-08-19,USD,0.92022,0.78672,145.5,1.5643,0.88074
2023-08-20,USD,0.92022,0.78672,145.5,1.5643,0.88074
2023-08-21,USD,0.91676,0.7836,145.9,1.558,0.87899
2023-08-22,USD,0.91853,0.78339,145.77,1.5503,0.87857
2023-08-23,USD,0.9255,0.79272,145.56,1.5585,0.88144
2023-08-24,USD,0.92251,0.79013,145.72,1.5533,0.8821
2023-08-25,USD,0.92524,0.7924,145.96,1.5552,0.8849
2023-08-26,USD,0.92524,0.7924,145.96,1.5552,0.8849
2023-08-27,USD,0.92524,0.7924,145.96,1.5552,0.8849
2023-08-28,USD,0.92524,0.794,146.51,1.558,0.88444
2023-08-29,USD,0.92567,0.79478,147.12,1.5581,0.88475
2023-08-30,USD,0.91861,0.78927,146.2,1.5446,0.87893
2023-08-31,USD,0.92013,0.78872,145.83,1.5444,0.88185
2023-09-01,USD,0.92217,0.7888,145.21,1.5434,0.88288
2023-09-02,USD,0.92217,0.7888,145.21,1.5434,0.88288
2023-09-03,USD,0.92217,0.7888,145.21,1.5434,0.88288
2023-09-04,USD,0.92584,0.79206,146.38,1.5469,0.88399
2023-09-05,USD,0.93188,0.79708,147.42,1.5711,0.88976
2023-09-06,USD,0.93067,0.79575,147.21,1.5636,0.88981
2023-09-07,USD,0.93371,0.80205,147.25,1.5655,0.89234
2023-09-08,USD,0.93423,0.80096,147.46,1.5642,0.89154
2023-09-09,USD,0.93423,0.80096,147.46,1.5642,0.89154
2023-09-10,USD,0.93423,0.80096,147.46,1.5642,0.89154
2023-09-11,USD,0.93249,0.79868,146.55,1.5531,0.89146
2023-09-12,USD,0.93345,0.80206,146.94,1.5572,0.89247
2023-09-13,USD,0.93171,0.80211,147.47,1.5617,0.89341
2023-09-14,USD,0.93197,0.80144,147.37,1.5515,0.89357
2023-09-15,USD,0.93826,0.80576,147.78,1.5479,0.89642
2023-09-16,USD,0.93826,0.80576,147.78,1.5479,0.89642
2023-09-17,USD,0.93826,0.80576,147.78,1.5479,0.89642
2023-09-18,USD,0.93782,0.80785,147.65,1.5544,0.89693
2023-09-19,USD,0.93345,0.80522,147.67,1.5463,0.89564
2023-09-20,USD,0.9344,0.80854,147.9,1.5416,0.89712
2023-09-21,USD,0.94029,0.81535,147.95,1.5625,0.90531
2023-09-22,USD,0.93923,0.81521,148.28,1.5494,0.90636
2023-09-23,USD,0.93923,0.81521,148.28,1.5494,0.90636
2023-09-24,USD,0.93923,0.81521,148.28,1.5494,0.90636
2023-09-25,USD,0.94047,0.81788,148.67,1.5559,0.91
2023-09-26,USD,0.94295,0.82056,148.86,1.5595,0.91231
2023-09-27,USD,0.94913,0.82394,149.2,1.57,0.91875
2023-09-28,USD,0.94886,0.81918,149.28,1.564,0.9183
2023-09-29,USD,0.94393,0.8161,149.24,1.5423,0.91269
2023-09-30,USD,0.94393,0.8161,149.24,1.5423,0.91269
2023-10-01,USD,0.94393,0.8161,149.24,1.5423,0.91269
2023-10-02,USD,0.94967,0.82268,149.73,1.5643,0.91491
2023-10-03,USD,0.9552,0.82888,149.98,1.5868,0.92272
2023-10-04,USD,0.95265,0.82488,149.07,1.5828,0.91779
2023-10-05,USD,0.95003,0.82277,148.88,1.5751,0.9144
2023-10-06,USD,0.9467,0.81899,149.08,1.5727,0.91158
2023-10-07,USD,0.9467,0.81899,149.08,1.5727,0.91158
2023-10-08,USD,0.9467,0.81899,149.08,1.5727,0.91158
2023-10-09,USD,0.94958,0.82157,149.14,1.5712,0.90979
2023-10-10,USD,0.945,0.81639,149.04,1.5628,0.90616
2023-10-11,USD,0.94304,0.81351,148.88,1.5588,0.90306
2023-10-12,USD,0.94171,0.81232,149.12,1.5617,0.90084
2023-10-13,USD,0.95021,0.82112,149.6,1.5832,0.90707
2023-10-14,USD,0.95021,0.82112,149.6,1.5832,0.90707
2023-10-15,USD,0.95021,0.82112,149.6,1.5832,0.90707
2023-10-16,USD,0.94895,0.82127,149.5,1.5809,0.90197
2023-10-17,USD,0.94616,0.82146,149.52,1.5727,0.90046
2023-10-18,USD,0.94652,0.81978,149.65,1.5699,0.89844
2023-10-19,USD,0.94715,0.82495,149.85,1.5834,0.89695
2023-10-20,USD,0.9442,0.82346,149.94,1.5836,0.89151
2023-10-21,USD,0.9442,0.82346,149.94,1.5836,0.89151
2023-10-22,USD,0.9442,0.82346,149.94,1.5836,0.89151
2023-10-23,USD,0.94366,0.82243,149.96,1.5858,0.8928
2023-10-24,USD,0.94056,0.81852,149.79,1.5715,0.89362
2023-10-25,USD,0.94554,0.82489,149.91,1.577,0.8958
2023-10-26,USD,0.94877,0.82704,150.36,1.5862,0.8981
2023-10-27,USD,0.94868,0.82557,149.97,1.5763,0.90143
2023-10-28,USD,0.94868,0.82557,149.97,1.5763,0.90143
2023-10-29,USD,0.94868,0.82557,149.97,1.5763,0.90143
2023-10-30,USD,0.94295,0.82362,149.74,1.5688,0.90184
2023-10-31,USD,0.94171,0.82273,150.96,1.5763,0.9047
2023-11-01,USD,0.94904,0.82514,151.21,1.5717,0.90842
2023-11-02,USD,0.938,0.81892,149.98,1.5517,0.90254
2023-11-03,USD,0.9344,0.81277,149.38,1.5397,0.89936
2023-11-04,USD,0.9344,0.81277,149.38,1.5397,0.89936
2023-11-05,USD,0.9344,0.81277,149.38,1.5397,0.89936
2023-11-06,USD,0.93101,0.80663,149.77,1.5384,0.89805
2023-11-07,USD,0.9358,0.81279,150.45,1.5568,0.9008
2023-11-08,USD,0.93712,0.81543,150.85,1.5549,0.89954
2023-11-09,USD,0.93537,0.81569,151.13,1.562,0.90141
2023-11-10,USD,0.93607,0.81845,151.43,1.5721,0.90199
2023-11-11,USD,0.93607,0.81845,151.43,1.5721,0.90199
2023-11-12,USD,0.93607,0.81845,151.43,1.5721,0.90199
2023-11-13,USD,0.93721,0.81682,151.79,1.5691,0.90497
2023-11-14,USD,0.93249,0.81341,151.69,1.5684,0.90153
2023-11-15,USD,0.92013,0.80225,150.34,1.5318,0.88701
2023-11-16,USD,0.92174,0.80671,151.21,1.5426,0.88958
2023-11-17,USD,0.91979,0.80385,149.27,1.5369,0.88696
2023-11-18,USD,0.91979,0.80385,149.27,1.5369,0.88696
2023-11-19,USD,0.91979,0.80385,149.27,1.5369,0.88696
2023-11-20,USD,0.91508,0.80189,148.35,1.5253,0.88443
2023-11-21,USD,0.91283,0.79713,147.52,1.5201,0.88298
2023-11-22,USD,0.91651,0.79764,148.7,1.5231,0.88351
2023-11-23,USD,0.91743,0.79761,149.52,1.526,0.88477
2023-11-24,USD,0.91609,0.79533,149.6,1.5226,0.88311
2023-11-25,USD,0.91609,0.79533,149.6,1.5226,0.88311
2023-11-26,USD,0.91609,0.79533,149.6,1.5226,0.88311
2023-11-27,USD,0.91316,0.79144,148.72,1.5136,0.88028
2023-11-28,USD,0.91333,0.79295,148.63,1.5131,0.8809
2023-11-29,USD,0.91033,0.78766,147.58,1.5099,0.87647
2023-11-30,USD,0.91483,0.79012,147.46,1.5133,0.87476
2023-12-01,USD,0.91954,0.79122,148.17,1.5125,0.87632
2023-12-02,USD,0.91954,0.79122,148.17,1.5125,0.87632
2023-12-03,USD,0.91954,0.79122,148.17,1.5125,0.87632
2023-12-04,USD,0.92013,0.78938,146.73,1.5045,0.87192
2023-12-05,USD,0.92447,0.79248,147.11,1.5246,0.87418
2023-12-06,USD,0.92782,0.7943,147.24,1.5208,0.87484
2023-12-07,USD,0.92842,0.79612,145.0,1.5233,0.87698
2023-12-08,USD,0.9279,0.79512,144.32,1.515,0.87575
2023-12-09,USD,0.9279,0.79512,144.32,1.515,0.87575
2023-12-10,USD,0.9279,0.79512,144.32,1.515,0.87575
2023-12-11,USD,0.92963,0.79557,146.45,1.5264,0.8811
2023-12-12,USD,0.92558,0.79534,145.17,1.5178,0.87403
2023-12-13,USD,0.92704,0.79837,145.67,1.5252,0.87624
2023-12-14,USD,0.91583,0.78721,141.77,1.4917,0.86913
2023-12-15,USD,0.91358,0.78415,141.74,1.4913,0.8668
2023-12-16,USD,0.91358,0.78415,141.74,1.4913,0.8668
2023-12-17,USD,0.91358,0.78415,141.74,1.4913,0.8668
2023-12-18,USD,0.91592,0.7901,142.84,1.4861,0.86829
2023-12-19,USD,0.91224,0.7854,144.32,1.4845,0.86389
2023-12-20,USD,0.91374,0.79089,143.57,1.479,0.8644
2023-12-21,USD,0.9105,0.79036,142.76,1.4789,0.85878
2023-12-22,USD,0.90719,0.78617,142.12,1.4694,0.8543
2023-12-23,USD,0.90719,0.78617,142.12,1.4694,0.8543
2023-12-24,USD,0.90719,0.78617,142.12,1.4694,0.8543
2023-12-25,USD,0.90719,0.78617,142.12,1.4694,0.8543
2023-12-26,USD,0.90719,0.78617,142.12,1.4694,0.8543
2023-12-27,USD,0.90375,0.78473,142.62,1.4614,0.85296
2023-12-28,USD,0.89977,0.78334,140.88,1.4618,0.83696
2023-12-29,USD,0.90498,0.78647,141.48,1.4718,0.83801
2023-12-30,USD,0.90498,0.78647,141.48,1.4718,0.83801
2023-12-31,USD,0.90498,0.78647,141.48,1.4718,0.83801
2024-01-01,USD,0.90498,0.78647,141.48,1.4718,0.83801
2024-01-02,USD,0.91274,0.79085,142.1,1.4738,0.84931
2024-01-03,USD,0.91583,0.79192,143.02,1.4869,0.85374
2024-01-04,USD,0.91299,0.78771,144.17,1.4864,0.85027
2024-01-05,USD,0.91567,0.7894,145.2,1.4959,0.8534
2024-01-06,USD,0.91567,0.7894,145.2,1.4959,0.8534
2024-01-07,USD,0.91567,0.7894,145.2,1.4959,0.8534
2024-01-08,USD,0.91358,0.78705,144.52,1.4963,0.85036
2024-01-09,USD,0.91408,0.78554,144.09,1.4935,0.85128
2024-01-10,USD,0.91358,0.78589,145.29,1.4922,0.85291
2024-01-11,USD,0.91017,0.78406,145.36,1.4899,0.84991
2024-01-12,USD,0.91391,0.78551,145.47,1.4965,0.85451
2024-01-13,USD,0.91391,0.78551,145.47,1.4965,0.85451
2024-01-14,USD,0.91391,0.78551,145.47,1.4965,0.85451
2024-01-15,USD,0.91366,0.78643,145.88,1.5029,0.85436
2024-01-16,USD,0.91895,0.79101,146.7,1.5148,0.86023
2024-01-17,USD,0.91937,0.78899,147.7,1.5254,0.86476
2024-01-18,USD,0.91954,0.78872,147.94,1.5245,0.86731
2024-01-19,USD,0.91853,0.78833,148.04,1.5156,0.86883
2024-01-20,USD,0.91853,0.78833,148.04,1.5156,0.86883
2024-01-21,USD,0.91853,0.78833,148.04,1.5156,0.86883
2024-01-22,USD,0.91827,0.78581,147.8,1.517,0.8685
2024-01-23,USD,0.91979,0.78636,147.98,1.517,0.86884
2024-01-24,USD,0.91701,0.78444,147.14,1.5149,0.86337
2024-01-25,USD,0.91802,0.78526,147.63,1.5181,0.86478
2024-01-26,USD,0.91988,0.78528,147.75,1.5162,0.86432
2024-01-27,USD,0.91988,0.78528,147.75,1.5162,0.86432
2024-01-28,USD,0.91988,0.78528,147.75,1.5162,0.86432
2024-01-29,USD,0.92396,0.78767,147.95,1.5151,0.86288
2024-01-30,USD,0.922,0.78949,147.49,1.5178,0.86345
2024-01-31,USD,0.92276,0.78836,147.82,1.5196,0.8626
2024-02-01,USD,0.92473,0.78928,146.99,1.5345,0.86333
2024-02-02,USD,0.91886,0.78345,146.63,1.5132,0.85592
2024-02-03,USD,0.91886,0.78345,146.63,1.5132,0.85592
2024-02-04,USD,0.91886,0.78345,146.63,1.5132,0.85592
2024-02-05,USD,0.93058,0.79653,148.63,1.5412,0.86981
2024-02-06,USD,0.93084,0.79549,148.52,1.5373,0.87182
2024-02-07,USD,0.92799,0.79162,148.21,1.5316,0.87166
2024-02-08,USD,0.92954,0.79362,149.24,1.5402,0.8746
2024-02-09,USD,0.92833,0.79317,149.46,1.5357,0.8756
2024-02-10,USD,0.92833,0.79317,149.46,1.5357,0.8756
2024-02-11,USD,0.92833,0.79317,149.46,1.5357,0.8756
2024-02-12,USD,0.92825,0.79264,148.99,1.5321,0.87534
2024-02-13,USD,0.92653,0.78846,149.33,1.5312,0.87844
2024-02-14,USD,0.93345,0.79584,150.55,1.5421,0.88612
2024-02-15,USD,0.93084,0.79712,150.11,1.5382,0.88281
2024-02-16,USD,0.92868,0.79499,150.33,1.5339,0.88141
2024-02-17,USD,0.92868,0.79499,150.33,1.5339,0.88141
2024-02-18,USD,0.92868,0.79499,150.33,1.5339,0.88141
2024-02-19,USD,0.92799,0.79295,149.95,1.5292,0.88085
2024-02-20,USD,0.92575,0.793,150.14,1.5235,0.88187
2024-02-21,USD,0.92515,0.79211,149.99,1.5252,0.87982
2024-02-22,USD,0.92217,0.78961,150.42,1.523,0.87929
2024-02-23,USD,0.92302,0.78771,150.37,1.5199,0.8789
2024-02-24,USD,0.92302,0.78771,150.37,1.5199,0.8789
2024-02-25,USD,0.92302,0.78771,150.37,1.5199,0.8789
2024-02-26,USD,0.92149,0.78783,150.55,1.526,0.87965
2024-02-27,USD,0.92115,0.78869,150.18,1.5259,0.87915
2024-02-28,USD,0.92524,0.79152,150.69,1.5395,0.88083
2024-02-29,USD,0.9237,0.7912,150.13,1.5411,0.88066
2024-03-01,USD,0.92481,0.79153,150.58,1.5386,0.88616
2024-03-02,USD,0.92481,0.79153,150.58,1.5386,0.88616
2024-03-03,USD,0.92481,0.79153,150.58,1.5386,0.88616
2024-03-04,USD,0.922,0.78907,150.49,1.5342,0.88549
2024-03-05,USD,0.92174,0.78849,150.25,1.5401,0.8857
2024-03-06,USD,0.91962,0.78626,149.6,1.5327,0.88459
2024-03-07,USD,0.91785,0.78426,147.86,1.5145,0.87903
2024-03-08,USD,0.91475,0.77907,147.26,1.5065,0.87706
2024-03-09,USD,0.91475,0.77907,147.26,1.5065,0.87706
2024-03-10,USD,0.91475,0.77907,147.26,1.5065,0.87706
2024-03-11,USD,0.91525,0.77986,146.83,1.5144,0.87809
2024-03-12,USD,0.91609,0.78287,147.85,1.5146,0.87834
2024-03-13,USD,0.91416,0.78116,147.94,1.5122,0.8775
2024-03-14,USD,0.91533,0.78188,148.01,1.513,0.88018
2024-03-15,USD,0.91811,0.78415,148.76,1.5221,0.88257
2024-03-16,USD,0.91811,0.78415,148.76,1.5221,0.88257
2024-03-17,USD,0.91811,0.78415,148.76,1.5221,0.88257
2024-03-18,USD,0.91811,0.78521,149.2,1.5225,0.88414
2024-03-19,USD,0.92132,0.78722,150.52,1.5341,0.88723
2024-03-20,USD,0.92217,0.78788,151.73,1.5338,0.89063
2024-03-21,USD,0.91684,0.78553,151.24,1.516,0.89539
2024-03-22,USD,0.92396,0.79271,151.29,1.5339,0.89892
2024-03-23,USD,0.92396,0.79271,151.29,1.5339,0.89892
2024-03-24,USD,0.92396,0.79271,151.29,1.5339,0.89892
2024-03-25,USD,0.92293,0.79094,151.16,1.5302,0.89746
2024-03-26,USD,0.92123,0.79084,151.45,1.5269,0.90373
2024-03-27,USD,0.92456,0.79297,151.18,1.5348,0.90708
2024-03-28,USD,0.92498,0.79095,151.19,1.5361,0.90334
2024-03-29,USD,0.92498,0.79095,151.19,1.5361,0.90334
2024-03-30,USD,0.92498,0.79095,151.19,1.5361,0.90334
2024-03-31,USD,0.92498,0.79095,151.19,1.5361,0.90334
2024-04-01,USD,0.92498,0.79095,151.19,1.5361,0.90334
2024-04-02,USD,0.93032,0.79552,151.65,1.5371,0.90846
2024-04-03,USD,0.92739,0.79489,151.78,1.5338,0.9081
2024-04-04,USD,0.92149,0.79053,151.76,1.5155,0.9073
2024-04-05,USD,0.92242,0.79119,151.37,1.5184,0.90333
2024-04-06,USD,0.92242,0.79119,151.37,1.5184,0.90333
2024-04-07,USD,0.92242,0.79119,151.37,1.5184,0.90333
2024-04-08,USD,0.92396,0.79271,151.93,1.5183,0.90613
2024-04-09,USD,0.92022,0.78829,151.81,1.5098,0.90356
2024-04-10,USD,0.92081,0.78743,151.83,1.51,0.90331
2024-04-11,USD,0.93205,0.79714,153.02,1.533,0.9122
2024-04-12,USD,0.93879,0.80195,153.17,1.5408,0.91213
2024-04-13,USD,0.93879,0.80195,153.17,1.5408,0.91213
2024-04-14,USD,0.93879,0.80195,153.17,1.5408,0.91213
2024-04-15,USD,0.93844,0.80147,153.95,1.5429,0.91263
2024-04-16,USD,0.94011,0.80323,154.69,1.5585,0.91304
2024-04-17,USD,0.94003,0.80278,154.67,1.5563,0.91117
2024-04-18,USD,0.93642,0.80184,154.34,1.5514,0.9087
2024-04-19,USD,0.9387,0.80372,154.59,1.5603,0.90866
2024-04-20,USD,0.9387,0.80372,154.59,1.5603,0.90866
2024-04-21,USD,0.9387,0.80372,154.59,1.5603,0.90866
2024-04-22,USD,0.94056,0.81196,154.73,1.5535,0.91168
2024-04-23,USD,0.93686,0.80616,154.8,1.5492,0.911
2024-04-24,USD,0.9358,0.80428,154.94,1.5367,0.91465
2024-04-25,USD,0.93284,0.79921,155.56,1.5312,0.91343
2024-04-26,USD,0.93336,0.79936,156.83,1.53,0.91273
2024-04-27,USD,0.93336,0.79936,156.83,1.53,0.91273
2024-04-28,USD,0.93336,0.79936,156.83,1.53,0.91273
2024-04-29,USD,0.93284,0.79751,156.28,1.5226,0.91194
2024-04-30,USD,0.93301,0.79752,157.0,1.5323,0.91314
2024-05-01,USD,0.93301,0.79752,157.0,1.5323,0.91314
2024-05-02,USD,0.93475,0.79957,154.82,1.5317,0.91223
2024-05-03,USD,0.93075,0.79647,153.22,1.5199,0.90692
2024-05-04,USD,0.93075,0.79647,153.22,1.5199,0.90692
2024-05-05,USD,0.93075,0.79647,153.22,1.5199,0.90692
2024-05-06,USD,0.92799,0.79491,153.77,1.5078,0.90516
2024-05-07,USD,0.92885,0.797,154.61,1.5137,0.90749
2024-05-08,USD,0.93084,0.80129,155.59,1.5242,0.90943
2024-05-09,USD,0.93179,0.8013,155.91,1.5187,0.90943
2024-05-10,USD,0.92773,0.79836,155.74,1.5141,0.90723
2024-05-11,USD,0.92773,0.79836,155.74,1.5141,0.90723
2024-05-12,USD,0.92773,0.79836,155.74,1.5141,0.90723
2024-05-13,USD,0.92635,0.79688,155.86,1.5104,0.90635
2024-05-14,USD,0.92627,0.79643,156.44,1.5125,0.90784
2024-05-15,USD,0.92319,0.79247,155.49,1.5055,0.90473
2024-05-16,USD,0.9203,0.79008,154.91,1.4992,0.90392
2024-05-17,USD,0.92217,0.79016,155.81,1.5014,0.9088
2024-05-18,USD,0.92217,0.79016,155.81,1.5014,0.9088
2024-05-19,USD,0.92217,0.79016,155.81,1.5014,0.9088
2024-05-20,USD,0.92073,0.78766,155.83,1.497,0.90968
2024-05-21,USD,0.92047,0.78645,156.35,1.4983,0.90979
2024-05-22,USD,0.92336,0.78638,156.55,1.504,0.91459
2024-05-23,USD,0.92132,0.78473,156.53,1.5048,0.91275
2024-05-24,USD,0.92251,0.78636,157.08,1.5124,0.9155
2024-05-25,USD,0.92251,0.78636,157.08,1.5124,0.9155
2024-05-26,USD,0.92251,0.78636,157.08,1.5124,0.9155
2024-05-27,USD,0.92225,0.78456,156.85,1.5051,0.91506
2024-05-28,USD,0.91895,0.78184,156.72,1.4992,0.91049
2024-05-29,USD,0.92106,0.7841,157.26,1.5078,0.9125
2024-05-30,USD,0.92464,0.78692,156.73,1.511,0.90689
2024-05-31,USD,0.92149,0.78663,157.13,1.5034,0.90472
2024-06-01,USD,0.92149,0.78663,157.13,1.5034,0.90472
2024-06-02,USD,0.92149,0.78663,157.13,1.5034,0.90472
2024-06-03,USD,0.92234,0.7856,156.88,1.5025,0.90131
2024-06-04,USD,0.92039,0.78364,154.89,1.5061,0.89305
2024-06-05,USD,0.91979,0.78227,156.11,1.5041,0.89257
2024-06-06,USD,0.92039,0.78314,156.23,1.5065,0.89158
2024-06-07,USD,0.9176,0.78106,155.55,1.4998,0.8897
2024-06-08,USD,0.9176,0.78106,155.55,1.4998,0.8897
2024-06-09,USD,0.9176,0.78106,155.55,1.4998,0.8897
2024-06-10,USD,0.92971,0.78621,156.88,1.5158,0.89597
2024-06-11,USD,0.93197,0.7847,157.0,1.5154,0.89674
2024-06-12,USD,0.92894,0.7837,157.32,1.5123,0.89559
2024-06-13,USD,0.9273,0.78327,157.25,1.5052,0.89651
2024-06-14,USD,0.9358,0.78799,157.03,1.5119,0.8922
2024-06-15,USD,0.9358,0.78799,157.03,1.5119,0.8922
2024-06-16,USD,0.9358,0.78799,157.03,1.5119,0.8922
2024-06-17,USD,0.93353,0.78952,157.87,1.5166,0.89255
2024-06-18,USD,0.93327,0.78899,158.11,1.5126,0.88773
2024-06-19,USD,0.93032,0.7857,157.95,1.5001,0.88436
2024-06-20,USD,0.93292,0.78844,158.43,1.4998,0.89057
2024-06-21,USD,0.93563,0.7909,158.89,1.4999,0.89231
2024-06-22,USD,0.93563,0.7909,158.89,1.4999,0.89231
2024-06-23,USD,0.93563,0.7909,158.89,1.4999,0.89231
2024-06-24,USD,0.93197,0.78966,159.52,1.5058,0.89338
2024-06-25,USD,0.93336,0.78836,159.45,1.5035,0.89369
2024-06-26,USD,0.93554,0.79009,160.37,1.5018,0.89672
2024-06-27,USD,0.93493,0.79086,160.49,1.5032,0.89791
2024-06-28,USD,0.93414,0.79064,160.62,1.502,0.89995
2024-06-29,USD,0.93414,0.79064,160.62,1.502,0.89995
2024-06-30,USD,0.93414,0.79064,160.62,1.502,0.89995
2024-07-01,USD,0.93067,0.78911,161.14,1.4992,0.90172
2024-07-02,USD,0.93205,0.78996,161.53,1.5025,0.90381
2024-07-03,USD,0.92954,0.78714,161.91,1.4987,0.90333
2024-07-04,USD,0.92593,0.78392,160.96,1.4857,0.89972
2024-07-05,USD,0.92387,0.78172,160.81,1.4849,0.89893
2024-07-06,USD,0.92387,0.78172,160.81,1.4849,0.89893
2024-07-07,USD,0.92387,0.78172,160.81,1.4849,0.89893
2024-07-08,USD,0.92293,0.77905,160.93,1.4829,0.89626
2024-07-09,USD,0.92473,0.78131,161.09,1.4853,0.8981
2024-07-10,USD,0.92379,0.78077,161.47,1.4832,0.8982
2024-07-11,USD,0.92123,0.77665,161.58,1.4809,0.89811
2024-07-12,USD,0.91827,0.77162,158.74,1.4762,0.89504
2024-07-13,USD,0.91827,0.77162,158.74,1.4762,0.89504
2024-07-14,USD,0.91827,0.77162,158.74,1.4762,0.89504
2024-07-15,USD,0.91684,0.77056,158.01,1.475,0.89438
2024-07-16,USD,0.91726,0.77103,158.37,1.4831,0.89534
2024-07-17,USD,0.91458,0.76747,156.58,1.4836,0.8865
2024-07-18,USD,0.91491,0.77013,156.47,1.4855,0.88435
2024-07-19,USD,0.91827,0.77392,157.58,1.4946,0.88962
2024-07-20,USD,0.91827,0.77392,157.58,1.4946,0.88962
2024-07-21,USD,0.91827,0.77392,157.58,1.4946,0.88962
2024-07-22,USD,0.91844,0.77347,156.87,1.5035,0.88823
2024-07-23,USD,0.92081,0.77415,156.21,1.5098,0.89144
2024-07-24,USD,0.92183,0.77409,154.16,1.5144,0.88579
2024-07-25,USD,0.92157,0.7767,152.63,1.5333,0.87863
2024-07-26,USD,0.92081,0.77696,154.55,1.5248,0.88343
2024-07-27,USD,0.92081,0.77696,154.55,1.5248,0.88343
2024-07-28,USD,0.92081,0.77696,154.55,1.5248,0.88343
2024-07-29,USD,0.92447,0.77974,153.87,1.5285,0.88546
2024-07-30,USD,0.92387,0.77846,154.85,1.5299,0.88618
2024-07-31,USD,0.92353,0.77928,150.31,1.5363,0.8804
2024-08-01,USD,0.92687,0.78161,150.76,1.5294,0.87747
2024-08-02,USD,0.92293,0.78449,148.93,1.5347,0.8706
2024-08-03,USD,0.92293,0.78449,148.93,1.5347,0.8706
2024-08-04,USD,0.92293,0.78449,148.93,1.5347,0.8706
2024-08-05,USD,0.91191,0.78313,142.24,1.551,0.84844
2024-08-06,USD,0.91617,0.78789,145.02,1.5426,0.85433
2024-08-07,USD,0.91558,0.78564,147.06,1.5238,0.86147
2024-08-08,USD,0.91491,0.78768,146.15,1.5258,0.85709
2024-08-09,USD,0.916,0.78509,146.86,1.5214,0.86425
2024-08-10,USD,0.916,0.78509,146.86,1.5214,0.86425
2024-08-11,USD,0.916,0.78509,146.86,1.5214,0.86425
2024-08-12,USD,0.91533,0.7831,147.6,1.5158,0.86874
2024-08-13,USD,0.91483,0.78179,147.44,1.5161,0.86726
2024-08-14,USD,0.90752,0.7785,147.0,1.5104,0.86351
2024-08-15,USD,0.90818,0.77754,147.25,1.5084,0.8665
2024-08-16,USD,0.90959,0.77431,148.01,1.5078,0.86775
2024-08-17,USD,0.90959,0.77431,148.01,1.5078,0.86775
2024-08-18,USD,0.90959,0.77431,148.01,1.5078,0.86775
2024-08-19,USD,0.90572,0.77206,146.02,1.4932,0.86432
2024-08-20,USD,0.9022,0.76862,146.32,1.4845,0.85953
2024-08-21,USD,0.8996,0.76739,145.97,1.4839,0.85489
2024-08-22,USD,0.89807,0.76285,146.06,1.4863,0.85227
2024-08-23,USD,0.8992,0.76192,146.0,1.4853,0.85208
2024-08-24,USD,0.8992,0.76192,146.0,1.4853,0.85208
2024-08-25,USD,0.8992,0.76192,146.0,1.4853,0.85208
2024-08-26,USD,0.89582,0.75826,144.17,1.4777,0.84744
2024-08-27,USD,0.8959,0.75648,144.45,1.4747,0.84573
2024-08-28,USD,0.89952,0.75707,144.44,1.4758,0.8433
2024-08-29,USD,0.90188,0.75915,144.62,1.4677,0.84452
2024-08-30,USD,0.90196,0.75873,145.39,1.4703,0.84928
2024-08-31,USD,0.90196,0.75873,145.39,1.4703,0.84928
2024-09-01,USD,0.90196,0.75873,145.39,1.4703,0.84928
2024-09-02,USD,0.90408,0.7614,146.97,1.4756,0.85119
2024-09-03,USD,0.90621,0.76198,146.14,1.4856,0.85265
2024-09-04,USD,0.90498,0.76243,145.03,1.4887,0.85032
2024-09-05,USD,0.90114,0.75983,143.46,1.4867,0.84617
2024-09-06,USD,0.90066,0.75919,143.14,1.4864,0.84347
2024-09-07,USD,0.90066,0.75919,143.14,1.4864,0.84347
2024-09-08,USD,0.90066,0.75919,143.14,1.4864,0.84347
2024-09-09,USD,0.90555,0.76397,143.56,1.5029,0.84904
2024-09-10,USD,0.90654,0.76389,143.06,1.5004,0.84752
2024-09-11,USD,0.90555,0.76406,141.81,1.4996,0.84741
2024-09-12,USD,0.90777,0.7667,142.54,1.4975,0.85458
2024-09-13,USD,0.90245,0.76234,140.93,1.4928,0.84713
2024-09-14,USD,0.90245,0.76234,140.93,1.4928,0.84713
2024-09-15,USD,0.90245,0.76234,140.93,1.4928,0.84713
2024-09-16,USD,0.8988,0.75749,139.91,1.4823,0.84433
2024-09-17,USD,0.89775,0.7566,140.69,1.4788,0.84433
2024-09-18,USD,0.89896,0.75715,141.98,1.4743,0.84394
2024-09-19,USD,0.89638,0.75254,143.0,1.4658,0.84797
2024-09-20,USD,0.89558,0.75148,144.26,1.4677,0.84954
2024-09-21,USD,0.89558,0.75148,144.26,1.4677,0.84954
2024-09-22,USD,0.89558,0.75148,144.26,1.4677,0.84954
2024-09-23,USD,0.89936,0.75113,143.52,1.4636,0.84972
2024-09-24,USD,0.89823,0.74751,143.84,1.4585,0.84784
2024-09-25,USD,0.89334,0.7473,144.26,1.454,0.84822
2024-09-26,USD,0.89646,0.7479,144.13,1.4538,0.84733
2024-09-27,USD,0.89622,0.74689,143.06,1.4501,0.84424
2024-09-28,USD,0.89622,0.74689,143.06,1.4501,0.84424
2024-09-29,USD,0.89622,0.74689,143.06,1.4501,0.84424
2024-09-30,USD,0.89318,0.74619,142.75,1.4439,0.84307
2024-10-01,USD,0.90204,0.75043,143.76,1.4469,0.84738
2024-10-02,USD,0.90326,0.75231,144.76,1.4496,0.84798
2024-10-03,USD,0.90588,0.76328,146.73,1.4606,0.85035
2024-10-04,USD,0.9067,0.75923,146.6,1.4617,0.85175
2024-10-05,USD,0.9067,0.75923,146.6,1.4617,0.85175
2024-10-06,USD,0.9067,0.75923,146.6,1.4617,0.85175
2024-10-07,USD,0.91058,0.76414,148.09,1.471,0.85485
2024-10-08,USD,0.91058,0.76287,147.96,1.4836,0.85686
2024-10-09,USD,0.91266,0.76426,148.74,1.4861,0.85763
2024-10-10,USD,0.91475,0.76551,148.97,1.4888,0.85922
2024-10-11,USD,0.91424,0.76527,148.97,1.4841,0.85738
2024-10-12,USD,0.91424,0.76527,148.97,1.4841,0.85738
2024-10-13,USD,0.91424,0.76527,148.97,1.4841,0.85738
2024-10-14,USD,0.91617,0.76651,149.69,1.4886,0.86202
2024-10-15,USD,0.91718,0.76451,149.36,1.4891,0.86224
2024-10-16,USD,0.91768,0.76723,149.19,1.495,0.86235
2024-10-17,USD,0.9203,0.76804,149.55,1.4935,0.86324
2024-10-18,USD,0.92191,0.76671,150.04,1.4903,0.86669
2024-10-19,USD,0.92191,0.76671,150.04,1.4903,0.86669
2024-10-20,USD,0.92191,0.76671,150.04,1.4903,0.86669
2024-10-21,USD,0.9214,0.76767,150.0,1.4954,0.86428
2024-10-22,USD,0.92413,0.77017,150.84,1.495,0.86545
2024-10-23,USD,0.92876,0.77225,152.93,1.5077,0.86747
2024-10-24,USD,0.92584,0.77039,151.95,1.503,0.86557
2024-10-25,USD,0.92379,0.77005,151.92,1.5068,0.8667
2024-10-26,USD,0.92379,0.77005,151.92,1.5068,0.8667
2024-10-27,USD,0.92379,0.77005,151.92,1.5068,0.8667
2024-10-28,USD,0.92439,0.76992,152.69,1.5134,0.86587
2024-10-29,USD,0.92816,0.77056,153.76,1.5243,0.86959
2024-10-30,USD,0.92464,0.77138,153.41,1.522,0.86852
2024-10-31,USD,0.91895,0.76965,152.82,1.5217,0.86491
2024-11-01,USD,0.9187,0.77169,152.08,1.5186,0.86605
2024-11-02,USD,0.9187,0.77169,152.08,1.5186,0.86605
2024-11-03,USD,0.9187,0.77169,152.08,1.5186,0.86605
2024-11-04,USD,0.91709,0.77094,151.75,1.5147,0.86299
2024-11-05,USD,0.91768,0.77012,152.27,1.5098,0.86281
2024-11-06,USD,0.93502,0.77815,154.32,1.5242,0.87592
2024-11-07,USD,0.92721,0.7713,153.65,1.5017,0.87455
2024-11-08,USD,0.92833,0.77226,152.41,1.5094,0.87198
2024-11-09,USD,0.92833,0.77226,152.41,1.5094,0.87198
2024-11-10,USD,0.92833,0.77226,152.41,1.5094,0.87198
2024-11-11,USD,0.93888,0.77627,153.81,1.5197,0.87964
2024-11-12,USD,0.94189,0.78021,154.2,1.5264,0.88104
2024-11-13,USD,0.94082,0.78477,154.96,1.5334,0.8824
2024-11-14,USD,0.9494,0.7895,155.93,1.5461,0.88949
2024-11-15,USD,0.94491,0.78858,155.31,1.5445,0.88718
2024-11-16,USD,0.94491,0.78858,155.31,1.5445,0.88718
2024-11-17,USD,0.94491,0.78858,155.31,1.5445,0.88718
2024-11-18,USD,0.94769,0.79189,155.17,1.5497,0.88741
2024-11-19,USD,0.94536,0.79068,153.82,1.5375,0.88192
2024-11-20,USD,0.94679,0.78943,155.67,1.5362,0.88449
2024-11-21,USD,0.95003,0.79112,154.41,1.5334,0.88296
2024-11-22,USD,0.96043,0.79913,154.48,1.5384,0.89051
2024-11-23,USD,0.96043,0.79913,154.48,1.5384,0.89051
2024-11-24,USD,0.96043,0.79913,154.48,1.5384,0.89051
2024-11-25,USD,0.95283,0.79528,154.02,1.5351,0.88842
2024-11-26,USD,0.95039,0.79339,153.14,1.5388,0.88519
2024-11-27,USD,0.94958,0.79195,151.6,1.5428,0.88396
2024-11-28,USD,0.94859,0.78951,151.67,1.5394,0.88351
2024-11-29,USD,0.94679,0.78778,150.2,1.5381,0.88137
2024-11-30,USD,0.94679,0.78778,150.2,1.5381,0.88137
2024-12-01,USD,0.94679,0.78778,150.2,1.5381,0.88137
2024-12-02,USD,0.95175,0.78898,150.13,1.5429,0.88665
2024-12-03,USD,0.95129,0.79074,149.64,1.543,0.88556
2024-12-04,USD,0.95311,0.78946,151.15,1.5616,0.88687
2024-12-05,USD,0.94877,0.78558,150.4,1.5538,0.88283
2024-12-06,USD,0.94509,0.78305,150.51,1.56,0.87742
2024-12-07,USD,0.94509,0.78305,150.51,1.56,0.87742
2024-12-08,USD,0.94509,0.78305,150.51,1.56,0.87742
2024-12-09,USD,0.94625,0.78354,150.83,1.55,0.87954
2024-12-10,USD,0.94994,0.78422,151.74,1.5628,0.88031
2024-12-11,USD,0.95175,0.78479,152.61,1.5728,0.88322
2024-12-12,USD,0.9532,0.7857,152.13,1.5645,0.88829
2024-12-13,USD,0.95075,0.78953,153.5,1.5676,0.89228
2024-12-14,USD,0.95075,0.78953,153.5,1.5676,0.89228
2024-12-15,USD,0.95075,0.78953,153.5,1.5676,0.89228
2024-12-16,USD,0.95256,0.7901,154.06,1.5727,0.89274
2024-12-17,USD,0.95265,0.78735,153.98,1.5764,0.89673
2024-12-18,USD,0.95274,0.7862,153.89,1.5817,0.89386
2024-12-19,USD,0.962,0.79312,156.87,1.5999,0.89649
2024-12-20,USD,0.96246,0.79851,156.78,1.6048,0.8948
2024-12-21,USD,0.96246,0.79851,156.78,1.6048,0.8948
2024-12-22,USD,0.96246,0.79851,156.78,1.6048,0.8948
2024-12-23,USD,0.96219,0.79857,157.18,1.6037,0.8983
2024-12-24,USD,0.962,0.79658,157.05,1.6047,0.90024
2024-12-25,USD,0.962,0.79658,157.05,1.6047,0.90024
2024-12-26,USD,0.962,0.79658,157.05,1.6047,0.90024
2024-12-27,USD,0.95831,0.79634,157.79,1.6078,0.90043
2024-12-28,USD,0.95831,0.79634,157.79,1.6078,0.90043
2024-12-29,USD,0.95831,0.79634,157.79,1.6078,0.90043
2024-12-30,USD,0.95749,0.79424,157.57,1.6044,0.90339
2024-12-31,USD,0.96256,0.79813,156.95,1.6144,0.90596
2025-01-01,USD,0.96256,0.79813,156.95,1.6144,0.90596
2025-01-02,USD,0.9689,0.80533,157.0,1.6101,0.90795
2025-01-03,USD,0.97097,0.80584,157.07,1.6075,0.90902
2025-01-04,USD,0.97097,0.80584,157.07,1.6075,0.90902
2025-01-05,USD,0.97097,0.80584,157.07,1.6075,0.90902
2025-01-06,USD,0.95914,0.79703,156.58,1.5879,0.90121
2025-01-07,USD,0.96219,0.7978,157.66,1.5931,0.90696
2025-01-08,USD,0.9722,0.81084,158.41,1.6138,0.91182
2025-01-09,USD,0.9704,0.81328,157.75,1.6138,0.91189
2025-01-10,USD,0.9705,0.81224,158.06,1.6164,0.91382
2025-01-11,USD,0.9705,0.81224,158.06,1.6164,0.91382
2025-01-12,USD,0.9705,0.81224,158.06,1.6164,0.91382
2025-01-13,USD,0.98058,0.82526,157.11,1.6256,0.91645
2025-01-14,USD,0.97609,0.82272,157.76,1.6204,0.91703
2025-01-15,USD,0.97087,0.81857,157.04,1.6132,0.91204
2025-01-16,USD,0.97352,0.82027,156.21,1.6135,0.91277
2025-01-17,USD,0.97106,0.82009,155.59,1.6164,0.91222
2025-01-18,USD,0.97106,0.82009,155.59,1.6164,0.91222
2025-01-19,USD,0.97106,0.82009,155.59,1.6164,0.91222
2025-01-20,USD,0.96937,0.81997,156.42,1.6118,0.91402
2025-01-21,USD,0.96553,0.81639,155.7,1.6065,0.91021
2025-01-22,USD,0.95758,0.80883,155.82,1.5899,0.90482
2025-01-23,USD,0.96117,0.81188,156.27,1.595,0.90754
2025-01-24,USD,0.95493,0.80608,156.51,1.5852,0.90661
2025-01-25,USD,0.95493,0.80608,156.51,1.5852,0.90661
2025-01-26,USD,0.95493,0.80608,156.51,1.5852,0.90661
2025-01-27,USD,0.94967,0.79873,154.05,1.5859,0.89772
2025-01-28,USD,0.9596,0.8048,155.32,1.6023,0.90596
2025-01-29,USD,0.96191,0.80534,155.35,1.6073,0.90708
2025-01-30,USD,0.96126,0.80443,154.11,1.6058,0.90753
2025-01-31,USD,0.96219,0.80446,154.9,1.607,0.90917
2025-02-01,USD,0.96219,0.80446,154.9,1.607,0.90917
2025-02-02,USD,0.96219,0.80446,154.9,1.607,0.90917
2025-02-03,USD,0.97333,0.80919,154.63,1.6226,0.91425
2025-02-04,USD,0.96759,0.80492,155.32,1.609,0.90914
2025-02-05,USD,0.95951,0.79721,152.8,1.5909,0.90146
2025-02-06,USD,0.96525,0.8078,152.46,1.5972,0.90589
2025-02-07,USD,0.96367,0.80325,152.04,1.5925,0.90758
2025-02-08,USD,0.96367,0.80325,152.04,1.5925,0.90758
2025-02-09,USD,0.96367,0.80325,152.04,1.5925,0.90758
2025-02-10,USD,0.96899,0.80701,152.05,1.5938,0.91047
2025-02-11,USD,0.96862,0.80739,152.34,1.5926,0.91331
2025-02-12,USD,0.96432,0.80365,153.54,1.5935,0.91196
2025-02-13,USD,0.96246,0.80186,153.79,1.5968,0.90674
2025-02-14,USD,0.95438,0.79419,152.79,1.5761,0.90113
2025-02-15,USD,0.95438,0.79419,152.79,1.5761,0.90113
2025-02-16,USD,0.95438,0.79419,152.79,1.5761,0.90113
2025-02-17,USD,0.95484,0.79378,151.5,1.5713,0.90137
2025-02-18,USD,0.95721,0.79473,151.77,1.5761,0.90217
2025-02-19,USD,0.95841,0.79392,151.82,1.5736,0.90426
2025-02-20,USD,0.95758,0.7931,149.96,1.5687,0.90233
2025-02-21,USD,0.95557,0.79083,150.46,1.5666,0.90014
2025-02-22,USD,0.95557,0.79083,150.46,1.5666,0.90014
2025-02-23,USD,0.95557,0.79083,150.46,1.5666,0.90014
2025-02-24,USD,0.95547,0.79142,149.83,1.5702,0.89958
2025-02-25,USD,0.95265,0.78983,149.75,1.5755,0.89416
2025-02-26,USD,0.95356,0.7902,149.42,1.585,0.89559
2025-02-27,USD,0.95447,0.78909,149.59,1.5881,0.89787
2025-02-28,USD,0.96052,0.79347,150.76,1.608,0.90231
2025-03-01,USD,0.96052,0.79347,150.76,1.608,0.90231
2025-03-02,USD,0.96052,0.79347,150.76,1.608,0.90231
2025-03-03,USD,0.95557,0.78863,151.29,1.6064,0.90091
2025-03-04,USD,0.94724,0.7842,148.24,1.6026,0.88766
2025-03-05,USD,0.9351,0.78081,149.7,1.5925,0.88966
2025-03-06,USD,0.92627,0.77612,147.5,1.5781,0.88598
2025-03-07,USD,0.92106,0.7745,147.69,1.5896,0.88026
2025-03-08,USD,0.92106,0.7745,147.69,1.5896,0.88026
2025-03-09,USD,0.92106,0.7745,147.69,1.5896,0.88026
2025-03-10,USD,0.92208,0.77316,146.97,1.5821,0.87709
2025-03-11,USD,0.91642,0.77322,148.02,1.5906,0.8805
2025-03-12,USD,0.91861,0.77235,149.03,1.5889,0.88361
2025-03-13,USD,0.92336,0.77357,148.33,1.5941,0.88449
2025-03-14,USD,0.91836,0.7731,148.66,1.583,0.88539
2025-03-15,USD,0.91836,0.7731,148.66,1.583,0.88539
2025-03-16,USD,0.91836,0.7731,148.66,1.583,0.88539
2025-03-17,USD,0.91718,0.77067,148.82,1.5739,0.88196
2025-03-18,USD,0.91592,0.77096,149.75,1.5705,0.87937
2025-03-19,USD,0.91768,0.77157,149.83,1.5792,0.87942
2025-03-20,USD,0.92311,0.77255,148.48,1.5916,0.88286
2025-03-21,USD,0.92311,0.77255,148.48,1.5916,0.88286
